user,product,score
6569a546244fd77c40ab5997,644eadd1388d059aa61997ec,5
6569a546244fd77c40ab5997,656a07afa367f3d219bcf805,4
6569a546244fd77c40ab5997,656a16b8a367f3d219bd036d,3
6569a546244fd77c40ab5997,656a1755a367f3d219bd0429,5
6569a546244fd77c40ab5997,644e9d3e388d059aa6199752,5
6569a546244fd77c40ab5998,656a07afa367f3d219bcf805,5
6569a546244fd77c40ab5998,656a0e4ba367f3d219bd0025,5
6569a546244fd77c40ab5998,6569ffe8a367f3d219bcf3f1,4
6569a546244fd77c40ab5998,656a0ad9a367f3d219bcfa0c,5
6569a546244fd77c40ab5998,656a0ba2a367f3d219bcfb05,5
6569a546244fd77c40ab5999,6569ff0ea367f3d219bcf3c3,5
6569a546244fd77c40ab5999,656a103fa367f3d219bd00bb,5
6569a546244fd77c40ab5999,656a0254a367f3d219bcf492,5
6569a546244fd77c40ab5999,656a0367a367f3d219bcf598,4
6569a546244fd77c40ab5999,656a19a7a367f3d219bd0513,5
6569a546244fd77c40ab599a,656a0a40a367f3d219bcfa00,5
6569a546244fd77c40ab599a,6569fd50a367f3d219bcf213,1
6569a546244fd77c40ab599a,6568a16a68a4e80a2949307b,4
6569a546244fd77c40ab599a,644e9f32388d059aa6199760,5
6569a546244fd77c40ab599a,656a00b6a367f3d219bcf446,4
6569a546244fd77c40ab599b,644e9b74388d059aa6199744,5
6569a546244fd77c40ab599b,656a12cea367f3d219bd017e,5
6569a546244fd77c40ab599b,656a0d3da367f3d219bcff32,5
6569a546244fd77c40ab599b,6456afc8810745eb5ce35e94,5
6569a546244fd77c40ab599b,656a18b2a367f3d219bd0502,4
6569a546244fd77c40ab599c,644ead35388d059aa61997e4,4
6569a546244fd77c40ab599c,656a0159a367f3d219bcf451,5
6569a546244fd77c40ab599c,656a13b0a367f3d219bd01d0,5
6569a546244fd77c40ab599c,656a1472a367f3d219bd0200,5
6569a546244fd77c40ab599c,645ccb8bd64083493822c36d,5
6569a546244fd77c40ab599d,6569ffe8a367f3d219bcf3f1,5
6569a546244fd77c40ab599d,656a16b8a367f3d219bd036d,5
6569a546244fd77c40ab599d,656a18b2a367f3d219bd0502,5
6569a546244fd77c40ab599d,656a19a7a367f3d219bd0513,5
6569a546244fd77c40ab599d,656a11cba367f3d219bd00c5,5
6569a546244fd77c40ab599e,64528baf251f74d7d4c2fce5,5
6569a546244fd77c40ab599e,645ccca2d64083493822c61c,5
6569a546244fd77c40ab599e,656a04f1a367f3d219bcf5a2,5
6569a546244fd77c40ab599e,656a15afa367f3d219bd0220,5
6569a546244fd77c40ab599e,644ea11b388d059aa6199770,4
6569a546244fd77c40ab599f,645cce2bd64083493822c80c,5
6569a546244fd77c40ab599f,644eaef8388d059aa61997f6,5
6569a546244fd77c40ab599f,65689d1168a4e80a29493049,5
6569a546244fd77c40ab599f,656a085ba367f3d219bcf80f,5
6569a546244fd77c40ab599f,65689e7c68a4e80a29493053,4
6569a546244fd77c40ab59a0,656a13b0a367f3d219bd01d0,5
6569a546244fd77c40ab59a0,656a11cba367f3d219bd00c5,5
6569a546244fd77c40ab59a0,6569ffe8a367f3d219bcf3f1,5
6569a546244fd77c40ab59a0,656a0a40a367f3d219bcfa00,5
6569a546244fd77c40ab59a0,656a0e4ba367f3d219bd0025,5
6569a546244fd77c40ab59a0,6569fd50a367f3d219bcf213,5
6569a546244fd77c40ab59a0,656a19a7a367f3d219bd0513,5
6569a546244fd77c40ab59a1,656a0d3da367f3d219bcff32,5
6569a546244fd77c40ab59a1,6569fdfca367f3d219bcf21d,5
6569a546244fd77c40ab59a1,644eae76388d059aa61997f4,5
6569a546244fd77c40ab59a1,644eadd1388d059aa61997ec,4
6569a546244fd77c40ab59a1,656a1755a367f3d219bd0429,5
6569a546244fd77c40ab59a1,656a16b8a367f3d219bd036d,4
6569a546244fd77c40ab59a1,644ecb51b745ed0835b36f04,5
6569a546244fd77c40ab59a2,656a0ba2a367f3d219bcfb05,5
6569a546244fd77c40ab59a2,645cce2bd64083493822c80c,3
6569a546244fd77c40ab59a2,656a0254a367f3d219bcf492,5
6569a546244fd77c40ab59a2,656a0e4ba367f3d219bd0025,3
6569a546244fd77c40ab59a2,645ccd4bd64083493822c626,5
6569a546244fd77c40ab59a2,64528c91251f74d7d4c2fd19,5
6569a546244fd77c40ab59a2,645ccaccd64083493822c363,4
6569a546244fd77c40ab59a2,645cc95ed64083493822c34f,5
6569a546244fd77c40ab59a2,656a18b2a367f3d219bd0502,4
6569a546244fd77c40ab59a3,656a12cea367f3d219bd017e,5
6569a546244fd77c40ab59a3,644e9b74388d059aa6199744,5
6569a546244fd77c40ab59a3,656a1472a367f3d219bd0200,4
6569a546244fd77c40ab59a3,65689fbf68a4e80a2949306b,5
6569a546244fd77c40ab59a3,656a103fa367f3d219bd00bb,5
6569a546244fd77c40ab59a3,644ead35388d059aa61997e4,4
6569a546244fd77c40ab59a3,656a16b8a367f3d219bd036d,5
6569a546244fd77c40ab59a3,644ea11b388d059aa6199770,4
6569a546244fd77c40ab59a3,64528a1f251f74d7d4c2fcd8,5
6569a546244fd77c40ab59cd,644e9b74388d059aa6199744,5
6569a546244fd77c40ab59cd,644e9d3e388d059aa6199752,4
6569a546244fd77c40ab59cd,644e9f32388d059aa6199760,5
6569a546244fd77c40ab59cd,644ea11b388d059aa6199770,4
6569a546244fd77c40ab59cd,644ead35388d059aa61997e4,5
6569a546244fd77c40ab59cd,644eadd1388d059aa61997ec,5
6569a546244fd77c40ab59cd,644eae76388d059aa61997f4,5
6569a546244fd77c40ab59cd,644eaef8388d059aa61997f6,5
6569a546244fd77c40ab59cd,644ecb51b745ed0835b36f04,4
6569a546244fd77c40ab59ce,656a19a7a367f3d219bd0513,4
6569a546244fd77c40ab59ce,656a18b2a367f3d219bd0502,5
6569a546244fd77c40ab59ce,656a1755a367f3d219bd0429,5
6569a546244fd77c40ab59ce,656a16b8a367f3d219bd036d,5
6569a546244fd77c40ab59ce,656a15afa367f3d219bd0220,4
6569a546244fd77c40ab59ce,656a1472a367f3d219bd0200,5
6569a546244fd77c40ab59ce,656a13b0a367f3d219bd01d0,5
6569a546244fd77c40ab59ce,656a12cea367f3d219bd017e,5
6569a546244fd77c40ab59ce,656a11cba367f3d219bd00c5,5
6569a546244fd77c40ab59ce,656a0d3da367f3d219bcff32,4
6569a546244fd77c40ab59d1,656a103fa367f3d219bd00bb,5
6569a546244fd77c40ab59d1,656a0e4ba367f3d219bd0025,4
6569a546244fd77c40ab59d1,656a0d3da367f3d219bcff32,4
6569a546244fd77c40ab59d1,656a0ba2a367f3d219bcfb05,4
6569a546244fd77c40ab59d1,656a0ad9a367f3d219bcfa0c,5
6569a546244fd77c40ab59d1,656a0a40a367f3d219bcfa00,4
6569a546244fd77c40ab59d1,656a085ba367f3d219bcf80f,4
6569a546244fd77c40ab59d1,656a07afa367f3d219bcf805,5
6569a546244fd77c40ab59d1,656a04f1a367f3d219bcf5a2,5
6569a546244fd77c40ab59d2,656a0367a367f3d219bcf598,4
6569a546244fd77c40ab59d2,656a0254a367f3d219bcf492,5
6569a546244fd77c40ab59d2,656a0159a367f3d219bcf451,4
6569a546244fd77c40ab59d2,656a00b6a367f3d219bcf446,4
6569a546244fd77c40ab59d2,6569ffe8a367f3d219bcf3f1,4
6569a546244fd77c40ab59d2,6569ff0ea367f3d219bcf3c3,5
6569a546244fd77c40ab59d2,6569fdfca367f3d219bcf21d,4
6569a546244fd77c40ab59d2,6569fd50a367f3d219bcf213,4
6569a546244fd77c40ab59d2,6569fa80a367f3d219bcf206,5
6569a546244fd77c40ab59a4,6568a16a68a4e80a2949307b,5
6569a546244fd77c40ab59a4,6569fd50a367f3d219bcf213,5
6569a546244fd77c40ab59d2,6456afc8810745eb5ce35e94,4
6569a546244fd77c40ab59a4,656a15afa367f3d219bd0220,5
6569a546244fd77c40ab59a4,656a0e4ba367f3d219bd0025,5
6569a546244fd77c40ab59a4,6456afc8810745eb5ce35e94,5
6569a546244fd77c40ab59a4,644e9d3e388d059aa6199752,5
6569a546244fd77c40ab59a4,656a11cba367f3d219bd00c5,5
6569a546244fd77c40ab59a4,644e9f32388d059aa6199760,5
6569a546244fd77c40ab59a4,656a0ad9a367f3d219bcfa0c,5
6569a546244fd77c40ab59a5,645ccd4bd64083493822c626,5
6569a546244fd77c40ab59a5,64528c91251f74d7d4c2fd19,4
6569a546244fd77c40ab59a5,64528a1f251f74d7d4c2fcd8,5
6569a546244fd77c40ab59a5,644eae76388d059aa61997f4,4
6569a546244fd77c40ab59a5,644eaef8388d059aa61997f6,3
6569a546244fd77c40ab59a5,644ead35388d059aa61997e4,5
6569a546244fd77c40ab59a5,6569fa80a367f3d219bcf206,5
6569a546244fd77c40ab59a5,656a04f1a367f3d219bcf5a2,4
6569a546244fd77c40ab59a5,656a0e4ba367f3d219bd0025,5
6569a546244fd77c40ab59a5,64528baf251f74d7d4c2fce5,4
6569a546244fd77c40ab59d2,6456afc8810745eb5ce35e94,4
6569a546244fd77c40ab59d2,6456afc8810745eb5ce35e94,5
6569a546244fd77c40ab59a6,656a1755a367f3d219bd0429,5
6569a546244fd77c40ab59a6,644ecb51b745ed0835b36f04,4
6569a546244fd77c40ab59a6,644eaef8388d059aa61997f6,5
6569a546244fd77c40ab59a6,656a12cea367f3d219bd017e,4
6569a546244fd77c40ab59a6,6569fdfca367f3d219bcf21d,4
6569a546244fd77c40ab59a6,644ea11b388d059aa6199770,5
6569a546244fd77c40ab59a6,656a0159a367f3d219bcf451,5
6569a546244fd77c40ab59a6,645ccca2d64083493822c61c,5
6569a546244fd77c40ab59a6,65689e7c68a4e80a29493053,5
6569a546244fd77c40ab59a6,656a0254a367f3d219bcf492,4
6569a546244fd77c40ab59d2,6456afc8810745eb5ce35e94,4
6569a546244fd77c40ab59d2,644e9b74388d059aa6199744,5
6569a546244fd77c40ab59a7,645ccd4bd64083493822c626,5
6569a546244fd77c40ab59a7,656a00b6a367f3d219bcf446,5
6569a546244fd77c40ab59a7,656a1472a367f3d219bd0200,4
6569a546244fd77c40ab59a7,645cc95ed64083493822c34f,5
6569a546244fd77c40ab59a7,65689b7a68a4e80a29492deb,5
6569a546244fd77c40ab59a7,656a13b0a367f3d219bd01d0,5
6569a546244fd77c40ab59a7,64528baf251f74d7d4c2fce5,5
6569a546244fd77c40ab59a7,6569ff0ea367f3d219bcf3c3,5
6569a546244fd77c40ab59a7,645cca1fd64083493822c359,5
6569a546244fd77c40ab59a7,656a19a7a367f3d219bd0513,5
6569a546244fd77c40ab59a8,656a18b2a367f3d219bd0502,5
6569a546244fd77c40ab59a8,656a1755a367f3d219bd0429,5
6569a546244fd77c40ab59a8,656a12cea367f3d219bd017e,5
6569a546244fd77c40ab59a8,656a13b0a367f3d219bd01d0,5
6569a546244fd77c40ab59a8,656a0e4ba367f3d219bd0025,5
6569a546244fd77c40ab59a8,645ccb8bd64083493822c36d,5
6569a546244fd77c40ab59a8,65689fbf68a4e80a2949306b,5
6569a546244fd77c40ab59a8,6568a16a68a4e80a2949307b,5
6569a546244fd77c40ab59a8,644e9d3e388d059aa6199752,5
6569a546244fd77c40ab59a8,644e9b74388d059aa6199744,5
6569a546244fd77c40ab59a9,656a1472a367f3d219bd0200,5
6569a546244fd77c40ab59a9,656a103fa367f3d219bd00bb,5
6569a546244fd77c40ab59d3,656a13b0a367f3d219bd01d0,5
6569a546244fd77c40ab59d3,65689d1168a4e80a29493049,4
6569a546244fd77c40ab59d3,65689b7a68a4e80a29492deb,5
6569a546244fd77c40ab59d3,65689e7c68a4e80a29493053,4
6569a546244fd77c40ab59d3,645ccd4bd64083493822c626,5
6569a546244fd77c40ab59d3,645ccb8bd64083493822c36d,5
6569a546244fd77c40ab59a9,645ccd4bd64083493822c626,5
6569a546244fd77c40ab59a9,65689e7c68a4e80a29493053,4
6569a546244fd77c40ab59d3,64528c91251f74d7d4c2fd19,4
6569a546244fd77c40ab59a9,65689b7a68a4e80a29492deb,5
6569a546244fd77c40ab59a9,645cca1fd64083493822c359,5
6569a546244fd77c40ab59d3,64528a1f251f74d7d4c2fcd8,4
6569a546244fd77c40ab59a9,645ccaccd64083493822c363,4
6569a546244fd77c40ab59a9,644eadd1388d059aa61997ec,5
6569a546244fd77c40ab59d3,644ecb51b745ed0835b36f04,5
6569a546244fd77c40ab59a9,644eaef8388d059aa61997f6,5
6569a546244fd77c40ab59d3,645cca1fd64083493822c359,4
6569a546244fd77c40ab59aa,644e9f32388d059aa6199760,5
6569a546244fd77c40ab59aa,644ea11b388d059aa6199770,5
6569a546244fd77c40ab59aa,645ccaccd64083493822c363,5
6569a546244fd77c40ab59aa,64528c91251f74d7d4c2fd19,5
6569a546244fd77c40ab59aa,65689d1168a4e80a29493049,5
6569a546244fd77c40ab59aa,656a085ba367f3d219bcf80f,5
6569a546244fd77c40ab59aa,656a07afa367f3d219bcf805,5
6569a546244fd77c40ab59aa,656a0367a367f3d219bcf598,5
6569a546244fd77c40ab59aa,656a00b6a367f3d219bcf446,5
6569a546244fd77c40ab59aa,656a15afa367f3d219bd0220,5
6569a546244fd77c40ab59aa,656a11cba367f3d219bd00c5,5
6569a546244fd77c40ab59d5,656a13b0a367f3d219bd01d0,4
6569a546244fd77c40ab59ab,656a103fa367f3d219bd00bb,5
6569a546244fd77c40ab59d5,656a12cea367f3d219bd017e,4
6569a546244fd77c40ab59ab,6569ff0ea367f3d219bcf3c3,5
6569a546244fd77c40ab59ab,656a0367a367f3d219bcf598,5
6569a546244fd77c40ab59d5,644eae76388d059aa61997f4,5
6569a546244fd77c40ab59ab,656a04f1a367f3d219bcf5a2,5
6569a546244fd77c40ab59d5,64528baf251f74d7d4c2fce5,4
6569a546244fd77c40ab59ab,656a0159a367f3d219bcf451,5
6569a546244fd77c40ab59ab,656a0a40a367f3d219bcfa00,5
6569a546244fd77c40ab59ab,656a085ba367f3d219bcf80f,5
6569a546244fd77c40ab59d5,645cca1fd64083493822c359,4
6569a546244fd77c40ab59ab,65689e7c68a4e80a29493053,5
6569a546244fd77c40ab59ab,6569fa80a367f3d219bcf206,5
6569a546244fd77c40ab59d5,6456afc8810745eb5ce35e94,5
6569a546244fd77c40ab59ab,65689b7a68a4e80a29492deb,4
6569a546244fd77c40ab59d5,656a0159a367f3d219bcf451,4
6569a546244fd77c40ab59ab,6569fdfca367f3d219bcf21d,5
6569a546244fd77c40ab59d5,656a04f1a367f3d219bcf5a2,5
6569a546244fd77c40ab59d5,656a0254a367f3d219bcf492,5
6569a546244fd77c40ab59d5,656a0ad9a367f3d219bcfa0c,4
6569a546244fd77c40ab59ac,656a19a7a367f3d219bd0513,5
6569a546244fd77c40ab59ac,656a15afa367f3d219bd0220,5
6569a546244fd77c40ab59ac,656a103fa367f3d219bd00bb,5
6569a546244fd77c40ab59d6,65689d1168a4e80a29493049,5
6569a546244fd77c40ab59ac,656a0ba2a367f3d219bcfb05,4
6569a546244fd77c40ab59d6,65689e7c68a4e80a29493053,5
6569a546244fd77c40ab59ac,656a0a40a367f3d219bcfa00,5
6569a546244fd77c40ab59d6,65689fbf68a4e80a2949306b,3
6569a546244fd77c40ab59ac,65689b7a68a4e80a29492deb,5
6569a546244fd77c40ab59ac,6568a16a68a4e80a2949307b,5
6569a546244fd77c40ab59d6,6569fdfca367f3d219bcf21d,5
6569a546244fd77c40ab59ac,644eae76388d059aa61997f4,5
6569a546244fd77c40ab59d6,6568a16a68a4e80a2949307b,5
6569a546244fd77c40ab59ac,64528a1f251f74d7d4c2fcd8,5
6569a546244fd77c40ab59d6,64528a1f251f74d7d4c2fcd8,3
6569a546244fd77c40ab59ac,645ccaccd64083493822c363,5
6569a546244fd77c40ab59ac,644ea11b388d059aa6199770,5
6569a546244fd77c40ab59d6,6456afc8810745eb5ce35e94,4
6569a546244fd77c40ab59d6,645cca1fd64083493822c359,5
6569a546244fd77c40ab59d6,645ccaccd64083493822c363,4
6569a546244fd77c40ab59d6,644ead35388d059aa61997e4,5
6569a546244fd77c40ab59ad,656a1755a367f3d219bd0429,5
6569a546244fd77c40ab59ad,656a16b8a367f3d219bd036d,5
6569a546244fd77c40ab59ad,656a12cea367f3d219bd017e,5
6569a546244fd77c40ab59d7,656a19a7a367f3d219bd0513,4
6569a546244fd77c40ab59ad,656a0d3da367f3d219bcff32,5
6569a546244fd77c40ab59d7,656a18b2a367f3d219bd0502,5
6569a546244fd77c40ab59ad,644e9f32388d059aa6199760,5
6569a546244fd77c40ab59ad,644e9d3e388d059aa6199752,5
6569a546244fd77c40ab59d7,656a1755a367f3d219bd0429,4
6569a546244fd77c40ab59ad,6569fa80a367f3d219bcf206,4
6569a546244fd77c40ab59d7,656a12cea367f3d219bd017e,5
6569a546244fd77c40ab59ad,6569fd50a367f3d219bcf213,4
6569a546244fd77c40ab59ad,65689fbf68a4e80a2949306b,5
6569a546244fd77c40ab59d7,656a0d3da367f3d219bcff32,4
6569a546244fd77c40ab59ad,645cc95ed64083493822c34f,3
6569a546244fd77c40ab59d7,645ccd4bd64083493822c626,3
6569a546244fd77c40ab59d7,65689fbf68a4e80a2949306b,5
6569a546244fd77c40ab59d7,656a07afa367f3d219bcf805,4
6569a546244fd77c40ab59d7,656a085ba367f3d219bcf80f,5
6569a546244fd77c40ab59d7,656a0a40a367f3d219bcfa00,5
6569a546244fd77c40ab59ae,656a11cba367f3d219bd00c5,5
6569a546244fd77c40ab59ae,656a00b6a367f3d219bcf446,5
6569a546244fd77c40ab59ae,6569ffe8a367f3d219bcf3f1,5
6569a546244fd77c40ab59ae,656a0367a367f3d219bcf598,5
6569a546244fd77c40ab59ae,656a0ad9a367f3d219bcfa0c,5
6569a546244fd77c40ab59ae,656a085ba367f3d219bcf80f,5
6569a546244fd77c40ab59ae,656a0ba2a367f3d219bcfb05,5
6569a546244fd77c40ab59ae,6569ff0ea367f3d219bcf3c3,5
6569a546244fd77c40ab59ae,65689d1168a4e80a29493049,4
6569a546244fd77c40ab59d8,656a0d3da367f3d219bcff32,5
6569a546244fd77c40ab59ae,645ccb8bd64083493822c36d,5
6569a546244fd77c40ab59d8,656a103fa367f3d219bd00bb,5
6569a546244fd77c40ab59ae,64528c91251f74d7d4c2fd19,4
6569a546244fd77c40ab59d8,656a11cba367f3d219bd00c5,5
6569a546244fd77c40ab59d8,644e9f32388d059aa6199760,5
6569a546244fd77c40ab59d8,644e9d3e388d059aa6199752,5
6569a546244fd77c40ab59d8,644e9b74388d059aa6199744,5
6569a546244fd77c40ab59d8,6569fa80a367f3d219bcf206,5
6569a546244fd77c40ab59d8,65689d1168a4e80a29493049,5
6569a546244fd77c40ab59d8,645ccb8bd64083493822c36d,4
6569a546244fd77c40ab59d8,644eae76388d059aa61997f4,4
6569a546244fd77c40ab59af,656a1755a367f3d219bd0429,4
6569a546244fd77c40ab59af,656a18b2a367f3d219bd0502,5
6569a546244fd77c40ab59af,656a16b8a367f3d219bd036d,4
6569a546244fd77c40ab59af,65689d1168a4e80a29493049,5
6569a546244fd77c40ab59af,65689fbf68a4e80a2949306b,5
6569a546244fd77c40ab59af,65689b7a68a4e80a29492deb,3
6569a546244fd77c40ab59af,6568a16a68a4e80a2949307b,5
6569a546244fd77c40ab59af,644eaef8388d059aa61997f6,2
6569a546244fd77c40ab59af,64528c91251f74d7d4c2fd19,5
6569a546244fd77c40ab59af,64528baf251f74d7d4c2fce5,5
6569a546244fd77c40ab59d9,656a00b6a367f3d219bcf446,4
6569a546244fd77c40ab59af,645cc95ed64083493822c34f,5
6569a546244fd77c40ab59d9,6569ffe8a367f3d219bcf3f1,5
6569a546244fd77c40ab59d9,6569ff0ea367f3d219bcf3c3,4
6569a546244fd77c40ab59d9,656a0367a367f3d219bcf598,5
6569a546244fd77c40ab59d9,656a0254a367f3d219bcf492,4
6569a546244fd77c40ab59d9,64528a1f251f74d7d4c2fcd8,4
6569a546244fd77c40ab59d9,645cca1fd64083493822c359,5
6569a546244fd77c40ab59d9,644ea11b388d059aa6199770,4
6569a546244fd77c40ab59d9,656a0ad9a367f3d219bcfa0c,5
6569a546244fd77c40ab59d9,656a0a40a367f3d219bcfa00,5
6569a546244fd77c40ab59da,656a12cea367f3d219bd017e,4
6569a546244fd77c40ab59b0,656a15afa367f3d219bd0220,5
6569a546244fd77c40ab59b0,656a1472a367f3d219bd0200,5
6569a546244fd77c40ab59da,656a0d3da367f3d219bcff32,4
6569a546244fd77c40ab59b0,645ccb8bd64083493822c36d,5
6569a546244fd77c40ab59da,656a0367a367f3d219bcf598,5
6569a546244fd77c40ab59b0,6569fdfca367f3d219bcf21d,5
6569a546244fd77c40ab59da,6569ff0ea367f3d219bcf3c3,4
6569a546244fd77c40ab59b0,6569fa80a367f3d219bcf206,5
6569a546244fd77c40ab59da,65689fbf68a4e80a2949306b,5
6569a546244fd77c40ab59b0,644eadd1388d059aa61997ec,5
6569a546244fd77c40ab59da,645ccb8bd64083493822c36d,4
6569a546244fd77c40ab59b0,644ead35388d059aa61997e4,5
6569a546244fd77c40ab59da,644eae76388d059aa61997f4,5
6569a546244fd77c40ab59b0,644ecb51b745ed0835b36f04,4
6569a546244fd77c40ab59da,64528a1f251f74d7d4c2fcd8,4
6569a546244fd77c40ab59b0,644e9f32388d059aa6199760,5
6569a546244fd77c40ab59b0,644e9b74388d059aa6199744,3
6569a546244fd77c40ab59da,644e9d3e388d059aa6199752,5
6569a546244fd77c40ab59da,644e9f32388d059aa6199760,4
6569a546244fd77c40ab59b1,656a1472a367f3d219bd0200,5
6569a546244fd77c40ab59b1,656a12cea367f3d219bd017e,5
6569a546244fd77c40ab59b1,656a0e4ba367f3d219bd0025,4
6569a546244fd77c40ab59db,656a12cea367f3d219bd017e,4
6569a546244fd77c40ab59b1,6569ffe8a367f3d219bcf3f1,4
6569a546244fd77c40ab59b1,656a0159a367f3d219bcf451,4
6569a546244fd77c40ab59db,656a1472a367f3d219bd0200,4
6569a546244fd77c40ab59db,656a0159a367f3d219bcf451,5
6569a546244fd77c40ab59b1,656a04f1a367f3d219bcf5a2,2
6569a546244fd77c40ab59db,656a07afa367f3d219bcf805,4
6569a546244fd77c40ab59b1,656a07afa367f3d219bcf805,3
6569a546244fd77c40ab59b1,656a0ba2a367f3d219bcfb05,5
6569a546244fd77c40ab59db,65689d1168a4e80a29493049,5
6569a546244fd77c40ab59b1,6569fd50a367f3d219bcf213,5
6569a546244fd77c40ab59db,65689b7a68a4e80a29492deb,4
6569a546244fd77c40ab59b1,6568a16a68a4e80a2949307b,5
6569a546244fd77c40ab59db,644eae76388d059aa61997f4,5
6569a546244fd77c40ab59b1,644eaef8388d059aa61997f6,4
6569a546244fd77c40ab59db,644eadd1388d059aa61997ec,4
6569a546244fd77c40ab59b1,64528baf251f74d7d4c2fce5,5
6569a546244fd77c40ab59db,644e9b74388d059aa6199744,5
6569a546244fd77c40ab59db,644ea11b388d059aa6199770,5
6569a546244fd77c40ab59b2,656a15afa367f3d219bd0220,5
6569a546244fd77c40ab59b2,656a1472a367f3d219bd0200,4
6569a546244fd77c40ab59b2,656a12cea367f3d219bd017e,5
6569a546244fd77c40ab59b2,645ccd4bd64083493822c626,5
6569a546244fd77c40ab59b2,645ccb8bd64083493822c36d,5
6569a546244fd77c40ab59b2,65689b7a68a4e80a29492deb,5
6569a546244fd77c40ab59b2,6569fdfca367f3d219bcf21d,5
6569a546244fd77c40ab59b2,644eae76388d059aa61997f4,5
6569a546244fd77c40ab59b2,644eaef8388d059aa61997f6,5
6569a546244fd77c40ab59b2,64528c91251f74d7d4c2fd19,5
6569a546244fd77c40ab59b2,64528baf251f74d7d4c2fce5,4
6569a546244fd77c40ab59dc,656a15afa367f3d219bd0220,5
6569a546244fd77c40ab59dc,656a11cba367f3d219bd00c5,4
6569a546244fd77c40ab59dc,656a0e4ba367f3d219bd0025,5
6569a546244fd77c40ab59dc,656a07afa367f3d219bcf805,4
6569a546244fd77c40ab59dc,656a0ad9a367f3d219bcfa0c,5
6569a546244fd77c40ab59dc,645ccb8bd64083493822c36d,4
6569a546244fd77c40ab59dc,65689d1168a4e80a29493049,5
6569a546244fd77c40ab59dc,644eae76388d059aa61997f4,4
6569a546244fd77c40ab59dc,644ead35388d059aa61997e4,5
6569a546244fd77c40ab59dc,6456afc8810745eb5ce35e94,5
6569a546244fd77c40ab59b3,656a11cba367f3d219bd00c5,4
6569a546244fd77c40ab59b3,656a103fa367f3d219bd00bb,5
6569a546244fd77c40ab59b3,644e9d3e388d059aa6199752,5
6569a546244fd77c40ab59b3,6569fa80a367f3d219bcf206,5
6569a546244fd77c40ab59b3,6569fd50a367f3d219bcf213,5
6569a546244fd77c40ab59b3,65689e7c68a4e80a29493053,5
6569a546244fd77c40ab59b3,65689e7c68a4e80a29493053,3
6569a546244fd77c40ab59b3,645ccd4bd64083493822c626,4
6569a546244fd77c40ab59b3,645ccaccd64083493822c363,4
6569a546244fd77c40ab59b3,645cc95ed64083493822c34f,4
6569a546244fd77c40ab59b3,644ecb51b745ed0835b36f04,4
6569a546244fd77c40ab59b3,644eadd1388d059aa61997ec,5
6569a546244fd77c40ab59dd,656a12cea367f3d219bd017e,5
6569a546244fd77c40ab59dd,656a1472a367f3d219bd0200,3
6569a546244fd77c40ab59dd,656a103fa367f3d219bd00bb,3
6569a546244fd77c40ab59dd,6569ffe8a367f3d219bcf3f1,4
6569a546244fd77c40ab59dd,656a0ba2a367f3d219bcfb05,4
6569a546244fd77c40ab59dd,656a0ad9a367f3d219bcfa0c,5
6569a546244fd77c40ab59dd,65689b7a68a4e80a29492deb,5
6569a546244fd77c40ab59dd,6568a16a68a4e80a2949307b,5
6569a546244fd77c40ab59dd,644eadd1388d059aa61997ec,4
6569a546244fd77c40ab59dd,644ead35388d059aa61997e4,5
6569a546244fd77c40ab59b4,656a19a7a367f3d219bd0513,5
6569a546244fd77c40ab59b4,64528c91251f74d7d4c2fd19,5
6569a546244fd77c40ab59b4,64528a1f251f74d7d4c2fcd8,4
6569a546244fd77c40ab59b4,644ecb51b745ed0835b36f04,5
6569a546244fd77c40ab59b4,644eadd1388d059aa61997ec,5
6569a546244fd77c40ab59b4,644ead35388d059aa61997e4,5
6569a546244fd77c40ab59b4,644ead35388d059aa61997e4,5
6569a546244fd77c40ab59b4,645cca1fd64083493822c359,5
6569a546244fd77c40ab59b4,645cc95ed64083493822c34f,3
6569a546244fd77c40ab59b4,6569fdfca367f3d219bcf21d,4
6569a546244fd77c40ab59b4,65689fbf68a4e80a2949306b,5
6569a546244fd77c40ab59b4,656a00b6a367f3d219bcf446,5
6569a546244fd77c40ab59df,656a18b2a367f3d219bd0502,4
6569a546244fd77c40ab59df,656a12cea367f3d219bd017e,5
6569a546244fd77c40ab59df,656a0d3da367f3d219bcff32,4
6569a546244fd77c40ab59df,645ccd4bd64083493822c626,5
6569a546244fd77c40ab59df,65689e7c68a4e80a29493053,4
6569a546244fd77c40ab59df,64528a1f251f74d7d4c2fcd8,5
6569a546244fd77c40ab59df,644ecb51b745ed0835b36f04,3
6569a546244fd77c40ab59df,644e9f32388d059aa6199760,4
6569a546244fd77c40ab59df,644e9d3e388d059aa6199752,4
6569a546244fd77c40ab59df,644ea11b388d059aa6199770,5
6569a546244fd77c40ab59b5,656a18b2a367f3d219bd0502,5
6569a546244fd77c40ab59b5,656a1755a367f3d219bd0429,5
6569a546244fd77c40ab59b5,656a16b8a367f3d219bd036d,4
6569a546244fd77c40ab59b5,656a103fa367f3d219bd00bb,5
6569a546244fd77c40ab59b5,6569ff0ea367f3d219bcf3c3,4
6569a546244fd77c40ab59b5,656a00b6a367f3d219bcf446,5
6569a546244fd77c40ab59b5,656a0159a367f3d219bcf451,5
6569a546244fd77c40ab59b5,656a0159a367f3d219bcf451,5
6569a546244fd77c40ab59b5,656a04f1a367f3d219bcf5a2,5
6569a546244fd77c40ab59b5,656a07afa367f3d219bcf805,4
6569a546244fd77c40ab59b5,645ccaccd64083493822c363,5
6569a546244fd77c40ab59b5,64528baf251f74d7d4c2fce5,5
6569a546244fd77c40ab59e0,656a12cea367f3d219bd017e,5
6569a546244fd77c40ab59e0,656a0e4ba367f3d219bd0025,4
6569a546244fd77c40ab59e0,6569ffe8a367f3d219bcf3f1,5
6569a546244fd77c40ab59e0,656a00b6a367f3d219bcf446,4
6569a546244fd77c40ab59e0,656a07afa367f3d219bcf805,5
6569a546244fd77c40ab59e0,644ea11b388d059aa6199770,5
6569a546244fd77c40ab59e0,644ecb51b745ed0835b36f04,4
6569a546244fd77c40ab59e0,65689b7a68a4e80a29492deb,5
6569a546244fd77c40ab59e0,65689e7c68a4e80a29493053,5
6569a546244fd77c40ab59e0,6569fa80a367f3d219bcf206,4
6569a546244fd77c40ab59b6,656a13b0a367f3d219bd01d0,5
6569a546244fd77c40ab59b6,656a11cba367f3d219bd00c5,4
6569a546244fd77c40ab59b6,656a15afa367f3d219bd0220,4
6569a546244fd77c40ab59b6,656a19a7a367f3d219bd0513,4
6569a546244fd77c40ab59b6,656a0d3da367f3d219bcff32,5
6569a546244fd77c40ab59b6,644ecb51b745ed0835b36f04,5
6569a546244fd77c40ab59b6,645cca1fd64083493822c359,5
6569a546244fd77c40ab59b6,645cc95ed64083493822c34f,5
6569a546244fd77c40ab59b6,644e9d3e388d059aa6199752,4
6569a546244fd77c40ab59b6,644e9f32388d059aa6199760,3
6569a546244fd77c40ab59b6,656a0254a367f3d219bcf492,4
6569a546244fd77c40ab59e1,656a0d3da367f3d219bcff32,5
6569a546244fd77c40ab59e1,656a103fa367f3d219bd00bb,4
6569a546244fd77c40ab59e1,656a0367a367f3d219bcf598,5
6569a546244fd77c40ab59e1,6569ff0ea367f3d219bcf3c3,5
6569a546244fd77c40ab59e1,65689d1168a4e80a29493049,3
6569a546244fd77c40ab59e1,65689fbf68a4e80a2949306b,5
6569a546244fd77c40ab59e1,644eaef8388d059aa61997f6,5
6569a546244fd77c40ab59e1,645cca1fd64083493822c359,5
6569a546244fd77c40ab59e1,644ead35388d059aa61997e4,5
6569a546244fd77c40ab59e1,644eadd1388d059aa61997ec,5
6569a546244fd77c40ab59b7,656a16b8a367f3d219bd036d,5
6569a546244fd77c40ab59b7,656a1472a367f3d219bd0200,5
6569a546244fd77c40ab59b7,644e9b74388d059aa6199744,4
6569a546244fd77c40ab59b7,645ccd4bd64083493822c626,4
6569a546244fd77c40ab59b7,645ccca2d64083493822c61c,4
6569a546244fd77c40ab59b7,645cce2bd64083493822c80c,5
6569a546244fd77c40ab59b7,6569fdfca367f3d219bcf21d,4
6569a546244fd77c40ab59b7,6569fd50a367f3d219bcf213,4
6569a546244fd77c40ab59b7,6568a16a68a4e80a2949307b,4
6569a546244fd77c40ab59b7,65689fbf68a4e80a2949306b,4
6569a546244fd77c40ab59e2,656a0d3da367f3d219bcff32,5
6569a546244fd77c40ab59e2,656a11cba367f3d219bd00c5,4
6569a546244fd77c40ab59e2,656a12cea367f3d219bd017e,5
6569a546244fd77c40ab59e2,645ccb8bd64083493822c36d,4
6569a546244fd77c40ab59e2,64528a1f251f74d7d4c2fcd8,5
6569a546244fd77c40ab59e2,645cc95ed64083493822c34f,4
6569a546244fd77c40ab59e2,645cca1fd64083493822c359,4
6569a546244fd77c40ab59e2,644eaef8388d059aa61997f6,5
6569a546244fd77c40ab59e2,656a0254a367f3d219bcf492,4
6569a546244fd77c40ab59e2,656a0a40a367f3d219bcfa00,4
6569a546244fd77c40ab59b8,656a13b0a367f3d219bd01d0,4
6569a546244fd77c40ab59b8,656a04f1a367f3d219bcf5a2,5
6569a546244fd77c40ab59b8,656a085ba367f3d219bcf80f,5
6569a546244fd77c40ab59b8,656a0254a367f3d219bcf492,5
6569a546244fd77c40ab59b8,6569ff0ea367f3d219bcf3c3,4
6569a546244fd77c40ab59b8,645cce2bd64083493822c80c,5
6569a546244fd77c40ab59b8,645ccca2d64083493822c61c,5
6569a546244fd77c40ab59b8,6569fd50a367f3d219bcf213,5
6569a546244fd77c40ab59b8,6568a16a68a4e80a2949307b,5
6569a546244fd77c40ab59e3,656a18b2a367f3d219bd0502,5
6569a546244fd77c40ab59b8,64528c91251f74d7d4c2fd19,4
6569a546244fd77c40ab59e3,656a13b0a367f3d219bd01d0,4
6569a546244fd77c40ab59b8,6456afc8810745eb5ce35e94,4
6569a546244fd77c40ab59e3,656a1472a367f3d219bd0200,5
6569a546244fd77c40ab59e3,656a15afa367f3d219bd0220,4
6569a546244fd77c40ab59e3,64528c91251f74d7d4c2fd19,5
6569a546244fd77c40ab59e3,645ccaccd64083493822c363,4
6569a546244fd77c40ab59e3,645cc95ed64083493822c34f,5
6569a546244fd77c40ab59e3,6456afc8810745eb5ce35e94,4
6569a546244fd77c40ab59e3,645ccca2d64083493822c61c,5
6569a546244fd77c40ab59e3,6568a16a68a4e80a2949307b,4
6569a546244fd77c40ab59b9,656a16b8a367f3d219bd036d,5
6569a546244fd77c40ab59b9,656a0ba2a367f3d219bcfb05,5
6569a546244fd77c40ab59b9,656a0ad9a367f3d219bcfa0c,5
6569a546244fd77c40ab59b9,656a0a40a367f3d219bcfa00,5
6569a546244fd77c40ab59b9,656a085ba367f3d219bcf80f,5
6569a546244fd77c40ab59b9,644e9b74388d059aa6199744,5
6569a546244fd77c40ab59b9,645cc95ed64083493822c34f,5
6569a546244fd77c40ab59b9,645ccb8bd64083493822c36d,5
6569a546244fd77c40ab59b9,6569fdfca367f3d219bcf21d,5
6569a546244fd77c40ab59b9,6569fa80a367f3d219bcf206,5
6569a546244fd77c40ab59b9,656a19a7a367f3d219bd0513,5
6569a546244fd77c40ab59ba,656a1755a367f3d219bd0429,4
6569a546244fd77c40ab59ba,64528baf251f74d7d4c2fce5,4
6569a546244fd77c40ab59ba,645cce2bd64083493822c80c,5
6569a546244fd77c40ab59ba,645ccca2d64083493822c61c,5
6569a546244fd77c40ab59ba,6569fd50a367f3d219bcf213,5
6569a546244fd77c40ab59ba,6456afc8810745eb5ce35e94,5
6569a546244fd77c40ab59ba,656a00b6a367f3d219bcf446,5
6569a546244fd77c40ab59ba,6569ffe8a367f3d219bcf3f1,5
6569a546244fd77c40ab59ba,656a0159a367f3d219bcf451,5
6569a546244fd77c40ab59ba,656a0367a367f3d219bcf598,5
6569a546244fd77c40ab59ba,656a15afa367f3d219bd0220,5
6569a546244fd77c40ab59ba,656a0367a367f3d219bcf598,5
6569a546244fd77c40ab59e4,656a12cea367f3d219bd017e,5
6569a546244fd77c40ab59e4,656a0e4ba367f3d219bd0025,4
6569a546244fd77c40ab59e4,656a103fa367f3d219bd00bb,4
6569a546244fd77c40ab59e4,656a07afa367f3d219bcf805,5
6569a546244fd77c40ab59e4,656a0254a367f3d219bcf492,5
6569a546244fd77c40ab59e4,656a0a40a367f3d219bcfa00,4
6569a546244fd77c40ab59e4,64528baf251f74d7d4c2fce5,4
6569a546244fd77c40ab59e4,64528a1f251f74d7d4c2fcd8,4
6569a546244fd77c40ab59e4,644ecb51b745ed0835b36f04,5
6569a546244fd77c40ab59e4,644e9b74388d059aa6199744,4
6569a546244fd77c40ab59bb,656a19a7a367f3d219bd0513,5
6569a546244fd77c40ab59e5,656a0ba2a367f3d219bcfb05,5
6569a546244fd77c40ab59bb,656a18b2a367f3d219bd0502,5
6569a546244fd77c40ab59bb,656a1755a367f3d219bd0429,5
6569a546244fd77c40ab59e5,656a0ad9a367f3d219bcfa0c,3
6569a546244fd77c40ab59bb,656a16b8a367f3d219bd036d,4
6569a546244fd77c40ab59e5,656a0a40a367f3d219bcfa00,5
6569a546244fd77c40ab59e5,6569ffe8a367f3d219bcf3f1,4
6569a546244fd77c40ab59bb,656a00b6a367f3d219bcf446,5
6569a546244fd77c40ab59bb,6569ffe8a367f3d219bcf3f1,5
6569a546244fd77c40ab59e5,645ccb8bd64083493822c36d,4
6569a546244fd77c40ab59bb,6569ff0ea367f3d219bcf3c3,5
6569a546244fd77c40ab59e5,65689e7c68a4e80a29493053,4
6569a546244fd77c40ab59bb,656a0254a367f3d219bcf492,5
6569a546244fd77c40ab59bb,656a07afa367f3d219bcf805,5
6569a546244fd77c40ab59e5,644eaef8388d059aa61997f6,4
6569a546244fd77c40ab59bb,645cce2bd64083493822c80c,5
6569a546244fd77c40ab59e5,64528a1f251f74d7d4c2fcd8,4
6569a546244fd77c40ab59bb,645ccca2d64083493822c61c,5
6569a546244fd77c40ab59e5,645cc95ed64083493822c34f,5
6569a546244fd77c40ab59e5,6456afc8810745eb5ce35e94,4
6569a546244fd77c40ab59e6,656a0ad9a367f3d219bcfa0c,4
6569a546244fd77c40ab59e6,656a0ba2a367f3d219bcfb05,5
6569a546244fd77c40ab59e6,656a085ba367f3d219bcf80f,3
6569a546244fd77c40ab59e6,65689e7c68a4e80a29493053,3
6569a546244fd77c40ab59e6,6569fd50a367f3d219bcf213,5
6569a546244fd77c40ab59e6,645ccca2d64083493822c61c,4
6569a546244fd77c40ab59e6,644eadd1388d059aa61997ec,5
6569a546244fd77c40ab59e6,64528c91251f74d7d4c2fd19,3
6569a546244fd77c40ab59e6,644ecb51b745ed0835b36f04,5
6569a546244fd77c40ab59e6,644e9b74388d059aa6199744,5
6569a546244fd77c40ab59bc,656a19a7a367f3d219bd0513,4
6569a546244fd77c40ab59bc,656a15afa367f3d219bd0220,5
6569a546244fd77c40ab59bc,656a13b0a367f3d219bd01d0,5
6569a546244fd77c40ab59bc,656a0e4ba367f3d219bd0025,5
6569a546244fd77c40ab59bc,656a0d3da367f3d219bcff32,5
6569a546244fd77c40ab59bc,656a11cba367f3d219bd00c5,5
6569a546244fd77c40ab59bc,644eadd1388d059aa61997ec,5
6569a546244fd77c40ab59bc,644eae76388d059aa61997f4,5
6569a546244fd77c40ab59bc,644e9f32388d059aa6199760,5
6569a546244fd77c40ab59bc,644e9b74388d059aa6199744,5
6569a546244fd77c40ab59bc,656a0ba2a367f3d219bcfb05,5
6569a546244fd77c40ab59bc,656a085ba367f3d219bcf80f,5
6569a546244fd77c40ab59e7,656a0d3da367f3d219bcff32,4
6569a546244fd77c40ab59e7,656a0159a367f3d219bcf451,5
6569a546244fd77c40ab59e7,65689d1168a4e80a29493049,4
6569a546244fd77c40ab59e7,65689e7c68a4e80a29493053,4
6569a546244fd77c40ab59e7,645cca1fd64083493822c359,5
6569a546244fd77c40ab59e7,645ccaccd64083493822c363,4
6569a546244fd77c40ab59e7,656a07afa367f3d219bcf805,5
6569a546244fd77c40ab59e7,656a085ba367f3d219bcf80f,4
6569a546244fd77c40ab59e7,644e9b74388d059aa6199744,5
6569a546244fd77c40ab59bd,656a18b2a367f3d219bd0502,5
6569a546244fd77c40ab59bd,656a1755a367f3d219bd0429,5
6569a546244fd77c40ab59bd,656a16b8a367f3d219bd036d,5
6569a546244fd77c40ab59bd,656a0367a367f3d219bcf598,5
6569a546244fd77c40ab59bd,656a0159a367f3d219bcf451,5
6569a546244fd77c40ab59bd,6569ffe8a367f3d219bcf3f1,5
6569a546244fd77c40ab59bd,6569ff0ea367f3d219bcf3c3,5
6569a546244fd77c40ab59bd,644ea11b388d059aa6199770,5
6569a546244fd77c40ab59e8,656a103fa367f3d219bd00bb,4
6569a546244fd77c40ab59bd,644e9b74388d059aa6199744,5
6569a546244fd77c40ab59e8,656a11cba367f3d219bd00c5,5
6569a546244fd77c40ab59e8,656a0254a367f3d219bcf492,4
6569a546244fd77c40ab59bd,645ccaccd64083493822c363,5
6569a546244fd77c40ab59bd,64528baf251f74d7d4c2fce5,5
6569a546244fd77c40ab59e8,6569ff0ea367f3d219bcf3c3,5
6569a546244fd77c40ab59e8,6569fa80a367f3d219bcf206,4
6569a546244fd77c40ab59e8,65689fbf68a4e80a2949306b,4
6569a546244fd77c40ab59e8,644eaef8388d059aa61997f6,5
6569a546244fd77c40ab59e8,644ecb51b745ed0835b36f04,4
6569a546244fd77c40ab59e8,644eae76388d059aa61997f4,4
6569a546244fd77c40ab59e8,644ea11b388d059aa6199770,5
6569a546244fd77c40ab59e9,656a1472a367f3d219bd0200,3
6569a546244fd77c40ab59be,656a1755a367f3d219bd0429,5
6569a546244fd77c40ab59e9,656a00b6a367f3d219bcf446,2
6569a546244fd77c40ab59be,656a16b8a367f3d219bd036d,4
6569a546244fd77c40ab59e9,656a0159a367f3d219bcf451,5
6569a546244fd77c40ab59be,656a11cba367f3d219bd00c5,5
6569a546244fd77c40ab59be,656a0e4ba367f3d219bd0025,5
6569a546244fd77c40ab59e9,65689fbf68a4e80a2949306b,4
6569a546244fd77c40ab59be,645ccd4bd64083493822c626,5
6569a546244fd77c40ab59e9,65689e7c68a4e80a29493053,5
6569a546244fd77c40ab59be,645ccca2d64083493822c61c,5
6569a546244fd77c40ab59e9,6569fa80a367f3d219bcf206,5
6569a546244fd77c40ab59be,645cce2bd64083493822c80c,5
6569a546244fd77c40ab59e9,65689b7a68a4e80a29492deb,4
6569a546244fd77c40ab59be,6568a16a68a4e80a2949307b,5
6569a546244fd77c40ab59e9,645ccca2d64083493822c61c,5
6569a546244fd77c40ab59be,644eaef8388d059aa61997f6,5
6569a546244fd77c40ab59e9,64528a1f251f74d7d4c2fcd8,5
6569a546244fd77c40ab59e9,644ecb51b745ed0835b36f04,4
6569a546244fd77c40ab59be,644eadd1388d059aa61997ec,5
6569a546244fd77c40ab59be,644ead35388d059aa61997e4,5
6569a546244fd77c40ab59bf,656a15afa367f3d219bd0220,5
6569a546244fd77c40ab59bf,656a1472a367f3d219bd0200,5
6569a546244fd77c40ab59bf,656a13b0a367f3d219bd01d0,5
6569a546244fd77c40ab59bf,656a103fa367f3d219bd00bb,5
6569a546244fd77c40ab59bf,656a0e4ba367f3d219bd0025,5
6569a546244fd77c40ab59bf,644eae76388d059aa61997f4,5
6569a546244fd77c40ab59bf,644eaef8388d059aa61997f6,5
6569a546244fd77c40ab59bf,644eadd1388d059aa61997ec,5
6569a546244fd77c40ab59bf,644ead35388d059aa61997e4,5
6569a546244fd77c40ab59bf,64528c91251f74d7d4c2fd19,5
6569a546244fd77c40ab59bf,644ecb51b745ed0835b36f04,5
6569a546244fd77c40ab59bf,6456afc8810745eb5ce35e94,5
6569a546244fd77c40ab59ea,656a0254a367f3d219bcf492,5
6569a546244fd77c40ab59ea,656a07afa367f3d219bcf805,5
6569a546244fd77c40ab59ea,656a0ad9a367f3d219bcfa0c,5
6569a546244fd77c40ab59ea,6569ffe8a367f3d219bcf3f1,5
6569a546244fd77c40ab59ea,6569ff0ea367f3d219bcf3c3,4
6569a546244fd77c40ab59ea,645ccd4bd64083493822c626,4
6569a546244fd77c40ab59ea,65689e7c68a4e80a29493053,5
6569a546244fd77c40ab59ea,6569fd50a367f3d219bcf213,4
6569a546244fd77c40ab59ea,6569fdfca367f3d219bcf21d,5
6569a546244fd77c40ab59ea,645ccb8bd64083493822c36d,4
6569a546244fd77c40ab59c0,656a00b6a367f3d219bcf446,5
6569a546244fd77c40ab59c0,656a19a7a367f3d219bd0513,5
6569a546244fd77c40ab59c0,656a16b8a367f3d219bd036d,5
6569a546244fd77c40ab59c0,656a13b0a367f3d219bd01d0,5
6569a546244fd77c40ab59c0,645cce2bd64083493822c80c,5
6569a546244fd77c40ab59c0,645ccca2d64083493822c61c,5
6569a546244fd77c40ab59c0,645ccd4bd64083493822c626,5
6569a546244fd77c40ab59c0,6569fa80a367f3d219bcf206,5
6569a546244fd77c40ab59c0,6569fd50a367f3d219bcf213,5
6569a546244fd77c40ab59c0,65689b7a68a4e80a29492deb,5
6569a546244fd77c40ab59c0,645cc95ed64083493822c34f,5
6569a546244fd77c40ab59eb,656a12cea367f3d219bd017e,5
6569a546244fd77c40ab59eb,656a103fa367f3d219bd00bb,4
6569a546244fd77c40ab59eb,656a11cba367f3d219bd00c5,4
6569a546244fd77c40ab59eb,656a0367a367f3d219bcf598,5
6569a546244fd77c40ab59eb,656a085ba367f3d219bcf80f,2
6569a546244fd77c40ab59eb,656a0a40a367f3d219bcfa00,3
6569a546244fd77c40ab59eb,645cce2bd64083493822c80c,4
6569a546244fd77c40ab59eb,65689fbf68a4e80a2949306b,4
6569a546244fd77c40ab59eb,65689b7a68a4e80a29492deb,5
6569a546244fd77c40ab59eb,644e9b74388d059aa6199744,4
6569a546244fd77c40ab59c1,656a103fa367f3d219bd00bb,5
6569a546244fd77c40ab59c1,656a13b0a367f3d219bd01d0,5
6569a546244fd77c40ab59c1,656a0d3da367f3d219bcff32,5
6569a546244fd77c40ab59c1,656a0e4ba367f3d219bd0025,5
6569a546244fd77c40ab59c1,656a04f1a367f3d219bcf5a2,5
6569a546244fd77c40ab59c1,645ccca2d64083493822c61c,5
6569a546244fd77c40ab59c1,645cce2bd64083493822c80c,5
6569a546244fd77c40ab59c1,644eaef8388d059aa61997f6,5
6569a546244fd77c40ab59c1,64528c91251f74d7d4c2fd19,5
6569a546244fd77c40ab59c1,644e9f32388d059aa6199760,5
6569a546244fd77c40ab59c1,656a0ba2a367f3d219bcfb05,5
6569a546244fd77c40ab59c2,656a16b8a367f3d219bd036d,5
6569a546244fd77c40ab59c2,656a1472a367f3d219bd0200,5
6569a546244fd77c40ab59c2,656a15afa367f3d219bd0220,5
6569a546244fd77c40ab59c2,656a11cba367f3d219bd00c5,5
6569a546244fd77c40ab59c2,656a00b6a367f3d219bcf446,5
6569a546244fd77c40ab59c2,6569ffe8a367f3d219bcf3f1,5
6569a546244fd77c40ab59c2,656a0159a367f3d219bcf451,5
6569a546244fd77c40ab59c2,656a07afa367f3d219bcf805,5
6569a546244fd77c40ab59c2,656a04f1a367f3d219bcf5a2,5
6569a546244fd77c40ab59c2,645cce2bd64083493822c80c,5
6569a546244fd77c40ab59c2,645ccca2d64083493822c61c,5
6569a546244fd77c40ab59c3,656a18b2a367f3d219bd0502,5
6569a546244fd77c40ab59c3,656a19a7a367f3d219bd0513,5
6569a546244fd77c40ab59c3,656a1755a367f3d219bd0429,5
6569a546244fd77c40ab59c3,656a04f1a367f3d219bcf5a2,5
6569a546244fd77c40ab59c3,656a0367a367f3d219bcf598,5
6569a546244fd77c40ab59c3,656a0ba2a367f3d219bcfb05,5
6569a546244fd77c40ab59c3,656a0ad9a367f3d219bcfa0c,5
6569a546244fd77c40ab59c3,656a0a40a367f3d219bcfa00,5
6569a546244fd77c40ab59c3,656a085ba367f3d219bcf80f,5
6569a546244fd77c40ab59c3,6569ff0ea367f3d219bcf3c3,5
6569a546244fd77c40ab59c4,656a0254a367f3d219bcf492,5
6569a546244fd77c40ab59c4,656a0159a367f3d219bcf451,5
6569a546244fd77c40ab59c4,656a00b6a367f3d219bcf446,5
6569a546244fd77c40ab59c4,6569ffe8a367f3d219bcf3f1,5
6569a546244fd77c40ab59c4,6569fa80a367f3d219bcf206,5
6569a546244fd77c40ab59c4,6569fd50a367f3d219bcf213,5
6569a546244fd77c40ab59c4,65689d1168a4e80a29493049,5
6569a546244fd77c40ab59c4,645cca1fd64083493822c359,4
6569a546244fd77c40ab59c4,656a19a7a367f3d219bd0513,5
6569a546244fd77c40ab59c4,656a04f1a367f3d219bcf5a2,5
6569a546244fd77c40ab59c5,656a12cea367f3d219bd017e,5
6569a546244fd77c40ab59c5,6569ffe8a367f3d219bcf3f1,5
6569a546244fd77c40ab59c5,645cca1fd64083493822c359,5
6569a546244fd77c40ab59c5,656a07afa367f3d219bcf805,4
6569a546244fd77c40ab59c5,656a16b8a367f3d219bd036d,5
6569a546244fd77c40ab59c5,656a19a7a367f3d219bd0513,5
6569a546244fd77c40ab59c5,656a1472a367f3d219bd0200,5
6569a546244fd77c40ab59c5,656a0e4ba367f3d219bd0025,5
6569a546244fd77c40ab59c5,656a103fa367f3d219bd00bb,5
6569a546244fd77c40ab59c5,656a11cba367f3d219bd00c5,5
6569a546244fd77c40ab59c5,644eadd1388d059aa61997ec,5
6569a546244fd77c40ab59c5,644ead35388d059aa61997e4,5
6569a546244fd77c40ab59c6,656a19a7a367f3d219bd0513,4
6569a546244fd77c40ab59c6,656a12cea367f3d219bd017e,4
6569a546244fd77c40ab59c6,656a16b8a367f3d219bd036d,5
6569a546244fd77c40ab59c6,656a1472a367f3d219bd0200,5
6569a546244fd77c40ab59c6,656a103fa367f3d219bd00bb,5
6569a546244fd77c40ab59c6,6569fa80a367f3d219bcf206,5
6569a546244fd77c40ab59c6,644e9f32388d059aa6199760,5
6569a546244fd77c40ab59c6,644e9b74388d059aa6199744,5
6569a546244fd77c40ab59c6,644ea11b388d059aa6199770,5
6569a546244fd77c40ab59c6,6568a16a68a4e80a2949307b,5
6569a546244fd77c40ab59c6,644eae76388d059aa61997f4,5
6569a546244fd77c40ab59c7,656a103fa367f3d219bd00bb,5
6569a546244fd77c40ab59c7,656a12cea367f3d219bd017e,5
6569a546244fd77c40ab59c7,656a16b8a367f3d219bd036d,5
6569a546244fd77c40ab59c7,656a0d3da367f3d219bcff32,5
6569a546244fd77c40ab59c7,656a0e4ba367f3d219bd0025,5
6569a546244fd77c40ab59c7,6569ffe8a367f3d219bcf3f1,5
6569a546244fd77c40ab59c7,656a00b6a367f3d219bcf446,5
6569a546244fd77c40ab59c7,656a0ba2a367f3d219bcfb05,5
6569a546244fd77c40ab59c7,656a0a40a367f3d219bcfa00,4
6569a546244fd77c40ab59c7,656a0ad9a367f3d219bcfa0c,4
6569a546244fd77c40ab59c8,656a19a7a367f3d219bd0513,5
6569a546244fd77c40ab59c8,656a16b8a367f3d219bd036d,5
6569a546244fd77c40ab59c8,656a12cea367f3d219bd017e,5
6569a546244fd77c40ab59c8,656a1472a367f3d219bd0200,5
6569a546244fd77c40ab59c8,656a11cba367f3d219bd00c5,5
6569a546244fd77c40ab59c8,656a103fa367f3d219bd00bb,5
6569a546244fd77c40ab59c8,644eae76388d059aa61997f4,5
6569a546244fd77c40ab59c8,644eadd1388d059aa61997ec,5
6569a546244fd77c40ab59c8,644eaef8388d059aa61997f6,5
6569a546244fd77c40ab59c8,644e9b74388d059aa6199744,5
6569a546244fd77c40ab59c8,644ea11b388d059aa6199770,5
6569a546244fd77c40ab59c9,656a12cea367f3d219bd017e,5
6569a546244fd77c40ab59c9,656a16b8a367f3d219bd036d,4
6569a546244fd77c40ab59c9,656a13b0a367f3d219bd01d0,5
6569a546244fd77c40ab59c9,656a1472a367f3d219bd0200,4
6569a546244fd77c40ab59c9,656a15afa367f3d219bd0220,5
6569a546244fd77c40ab59c9,656a0e4ba367f3d219bd0025,5
6569a546244fd77c40ab59c9,656a0d3da367f3d219bcff32,5
6569a546244fd77c40ab59c9,65689e7c68a4e80a29493053,4
6569a546244fd77c40ab59c9,65689d1168a4e80a29493049,5
6569a546244fd77c40ab59c9,65689fbf68a4e80a2949306b,5
6569a546244fd77c40ab59c9,65689b7a68a4e80a29492deb,5
6569a546244fd77c40ab59c9,64528baf251f74d7d4c2fce5,5
6569a546244fd77c40ab59c9,64528c91251f74d7d4c2fd19,5
6569a546244fd77c40ab59ca,656a12cea367f3d219bd017e,5
6569a546244fd77c40ab59ca,656a1755a367f3d219bd0429,5
6569a546244fd77c40ab59ca,656a18b2a367f3d219bd0502,5
6569a546244fd77c40ab59ca,656a00b6a367f3d219bcf446,5
6569a546244fd77c40ab59ca,656a04f1a367f3d219bcf5a2,5
6569a546244fd77c40ab59ca,6569ffe8a367f3d219bcf3f1,5
6569a546244fd77c40ab59ca,645ccd4bd64083493822c626,5
6569a546244fd77c40ab59ca,645ccca2d64083493822c61c,5
6569a546244fd77c40ab59ca,645ccb8bd64083493822c36d,5
6569a546244fd77c40ab59ca,645cce2bd64083493822c80c,5
6569a546244fd77c40ab59ca,644ecb51b745ed0835b36f04,5
6569a546244fd77c40ab59ca,6456afc8810745eb5ce35e94,5
6569a546244fd77c40ab59cb,656a18b2a367f3d219bd0502,5
6569a546244fd77c40ab59cb,656a12cea367f3d219bd017e,4
6569a546244fd77c40ab59cb,656a0e4ba367f3d219bd0025,5
6569a546244fd77c40ab59cb,644eae76388d059aa61997f4,5
6569a546244fd77c40ab59cb,644eadd1388d059aa61997ec,5
6569a546244fd77c40ab59cb,644ead35388d059aa61997e4,5
6569a546244fd77c40ab59cb,64528c91251f74d7d4c2fd19,5
6569a546244fd77c40ab59cb,644ecb51b745ed0835b36f04,4
6569a546244fd77c40ab59cb,645cca1fd64083493822c359,5
6569a546244fd77c40ab59cb,644eaef8388d059aa61997f6,4
6569a546244fd77c40ab59cc,656a12cea367f3d219bd017e,5
6569a546244fd77c40ab59cc,656a16b8a367f3d219bd036d,5
6569a546244fd77c40ab59cc,656a18b2a367f3d219bd0502,4
6569a546244fd77c40ab59cc,656a103fa367f3d219bd00bb,5
6569a546244fd77c40ab59cc,656a0e4ba367f3d219bd0025,5
6569a546244fd77c40ab59cc,645ccd4bd64083493822c626,5
6569a546244fd77c40ab59cc,645ccca2d64083493822c61c,5
6569a546244fd77c40ab59cc,645ccb8bd64083493822c36d,5
6569a546244fd77c40ab59cc,644eae76388d059aa61997f4,5
6569a546244fd77c40ab59cc,644eadd1388d059aa61997ec,5
6569a546244fd77c40ab59cc,644ea11b388d059aa6199770,5
6569a546244fd77c40ab59cc,644e9f32388d059aa6199760,5
6569a546244fd77c40ab59cd,656a00b6a367f3d219bcf446,5
6569a546244fd77c40ab59cd,6569ffe8a367f3d219bcf3f1,5
6569a546244fd77c40ab59ec,656a1472a367f3d219bd0200,4
6569a546244fd77c40ab59ec,656a13b0a367f3d219bd01d0,4
6569a546244fd77c40ab59ec,656a0d3da367f3d219bcff32,5
6569a546244fd77c40ab59ec,656a00b6a367f3d219bcf446,4
6569a546244fd77c40ab59ec,656a04f1a367f3d219bcf5a2,5
6569a546244fd77c40ab59ec,656a0a40a367f3d219bcfa00,4
6569a546244fd77c40ab59ec,6569ff0ea367f3d219bcf3c3,5
6569a546244fd77c40ab59ec,645ccca2d64083493822c61c,5
6569a546244fd77c40ab59ec,645ccd4bd64083493822c626,4
6569a546244fd77c40ab59ec,6568a16a68a4e80a2949307b,5
6569a546244fd77c40ab59ed,656a18b2a367f3d219bd0502,4
6569a546244fd77c40ab59ed,656a1755a367f3d219bd0429,5
6569a546244fd77c40ab59ed,656a0e4ba367f3d219bd0025,5
6569a546244fd77c40ab59ed,65689b7a68a4e80a29492deb,5
6569a546244fd77c40ab59ed,645ccb8bd64083493822c36d,2
6569a546244fd77c40ab59ed,6568a16a68a4e80a2949307b,5
6569a546244fd77c40ab59ed,6569fd50a367f3d219bcf213,4
6569a546244fd77c40ab59ed,65689fbf68a4e80a2949306b,5
6569a546244fd77c40ab59ed,656a12cea367f3d219bd017e,4
6569a546244fd77c40ab59ed,644e9f32388d059aa6199760,5
6569a546244fd77c40ab59ed,644e9b74388d059aa6199744,5
6569a546244fd77c40ab59ee,656a12cea367f3d219bd017e,4
6569a546244fd77c40ab59ee,656a1472a367f3d219bd0200,4
6569a546244fd77c40ab59ee,656a0d3da367f3d219bcff32,4
6569a546244fd77c40ab59ee,644e9f32388d059aa6199760,4
6569a546244fd77c40ab59ee,644e9b74388d059aa6199744,5
6569a546244fd77c40ab59ee,644ea11b388d059aa6199770,5
6569a546244fd77c40ab59ee,656a0ad9a367f3d219bcfa0c,2
6569a546244fd77c40ab59ee,656a0a40a367f3d219bcfa00,4
6569a546244fd77c40ab59ee,656a0254a367f3d219bcf492,4
6569a546244fd77c40ab59ee,656a0159a367f3d219bcf451,5
6569a546244fd77c40ab59ee,656a00b6a367f3d219bcf446,4
6569a546244fd77c40ab59ef,656a1472a367f3d219bd0200,4
6569a546244fd77c40ab59ef,656a12cea367f3d219bd017e,5
6569a546244fd77c40ab59ef,656a0e4ba367f3d219bd0025,4
6569a546244fd77c40ab59ef,645ccca2d64083493822c61c,5
6569a546244fd77c40ab59ef,645ccd4bd64083493822c626,4
6569a546244fd77c40ab59ef,645ccb8bd64083493822c36d,5
6569a546244fd77c40ab59ef,644e9f32388d059aa6199760,5
6569a546244fd77c40ab59ef,6569fd50a367f3d219bcf213,4
6569a546244fd77c40ab59ef,6569fdfca367f3d219bcf21d,5
6569a546244fd77c40ab59ef,6568a16a68a4e80a2949307b,4
6569a546244fd77c40ab59ef,65689d1168a4e80a29493049,5
6569a546244fd77c40ab59f0,656a1472a367f3d219bd0200,5
6569a546244fd77c40ab59f0,656a13b0a367f3d219bd01d0,4
6569a546244fd77c40ab59f0,656a12cea367f3d219bd017e,5
6569a546244fd77c40ab59f0,656a0d3da367f3d219bcff32,4
6569a546244fd77c40ab59f0,656a0e4ba367f3d219bd0025,5
6569a546244fd77c40ab59f0,656a11cba367f3d219bd00c5,3
6569a546244fd77c40ab59f0,656a04f1a367f3d219bcf5a2,5
6569a546244fd77c40ab59f0,6569ffe8a367f3d219bcf3f1,3
6569a546244fd77c40ab59f0,645ccca2d64083493822c61c,5
6569a546244fd77c40ab59f0,645ccd4bd64083493822c626,5
6569a546244fd77c40ab59f0,65689e7c68a4e80a29493053,4
6569a546244fd77c40ab59f0,65689d1168a4e80a29493049,5
6569a546244fd77c40ab59f1,656a12cea367f3d219bd017e,4
6569a546244fd77c40ab59f1,656a13b0a367f3d219bd01d0,5
6569a546244fd77c40ab59f1,656a103fa367f3d219bd00bb,4
6569a546244fd77c40ab59f1,656a11cba367f3d219bd00c5,5
6569a546244fd77c40ab59f1,645cce2bd64083493822c80c,3
6569a546244fd77c40ab59f1,65689fbf68a4e80a2949306b,5
6569a546244fd77c40ab59f1,6569fd50a367f3d219bcf213,3
6569a546244fd77c40ab59f1,65689b7a68a4e80a29492deb,5
6569a546244fd77c40ab59f1,645ccb8bd64083493822c36d,5
6569a546244fd77c40ab59f1,644eae76388d059aa61997f4,5
6569a546244fd77c40ab59f1,644eadd1388d059aa61997ec,4
6569a546244fd77c40ab59f2,656a1472a367f3d219bd0200,5
6569a546244fd77c40ab59f2,656a15afa367f3d219bd0220,5
6569a546244fd77c40ab59f2,656a19a7a367f3d219bd0513,3
6569a546244fd77c40ab59f2,656a18b2a367f3d219bd0502,5
6569a546244fd77c40ab59f2,656a12cea367f3d219bd017e,4
6569a546244fd77c40ab59f2,656a0d3da367f3d219bcff32,4
6569a546244fd77c40ab59f2,656a103fa367f3d219bd00bb,5
6569a546244fd77c40ab59f2,645ccd4bd64083493822c626,2
6569a546244fd77c40ab59f2,645ccb8bd64083493822c36d,5
6569a546244fd77c40ab59f2,645ccca2d64083493822c61c,3
6569a546244fd77c40ab59f2,645cce2bd64083493822c80c,4
6569a546244fd77c40ab59f2,6569fa80a367f3d219bcf206,5
6569a546244fd77c40ab59f3,656a12cea367f3d219bd017e,4
6569a546244fd77c40ab59f3,656a1472a367f3d219bd0200,5
6569a546244fd77c40ab59f3,656a1755a367f3d219bd0429,5
6569a546244fd77c40ab59f3,656a16b8a367f3d219bd036d,3
6569a546244fd77c40ab59f3,656a0d3da367f3d219bcff32,5
6569a546244fd77c40ab59f3,645ccca2d64083493822c61c,4
6569a546244fd77c40ab59f3,645ccb8bd64083493822c36d,4
6569a546244fd77c40ab59f3,645cce2bd64083493822c80c,5
6569a546244fd77c40ab59f3,65689fbf68a4e80a2949306b,3
6569a546244fd77c40ab59f3,65689e7c68a4e80a29493053,5
6569a546244fd77c40ab59f3,644eae76388d059aa61997f4,4
6569a546244fd77c40ab59f3,64528c91251f74d7d4c2fd19,5
6569a546244fd77c40ab59f4,656a12cea367f3d219bd017e,4
6569a546244fd77c40ab59f4,656a15afa367f3d219bd0220,5
6569a546244fd77c40ab59f4,656a0e4ba367f3d219bd0025,4
6569a546244fd77c40ab59f4,644eae76388d059aa61997f4,5
6569a546244fd77c40ab59f4,644eadd1388d059aa61997ec,4
6569a546244fd77c40ab59f4,644ead35388d059aa61997e4,5
6569a546244fd77c40ab59f4,644e9b74388d059aa6199744,5
6569a546244fd77c40ab59f4,644e9f32388d059aa6199760,5
6569a546244fd77c40ab59f4,644ea11b388d059aa6199770,4
6569a546244fd77c40ab59f4,6569fd50a367f3d219bcf213,5
6569a546244fd77c40ab59f4,6569fa80a367f3d219bcf206,5
6569a546244fd77c40ab59f4,6568a16a68a4e80a2949307b,4
6569a546244fd77c40ab59f5,656a12cea367f3d219bd017e,5
6569a546244fd77c40ab59f5,656a15afa367f3d219bd0220,5
6569a546244fd77c40ab59f5,656a103fa367f3d219bd00bb,5
6569a546244fd77c40ab59f5,656a0e4ba367f3d219bd0025,5
6569a546244fd77c40ab59f5,656a0d3da367f3d219bcff32,4
6569a546244fd77c40ab59f5,6569ffe8a367f3d219bcf3f1,5
6569a546244fd77c40ab59f5,6569ff0ea367f3d219bcf3c3,4
6569a546244fd77c40ab59f5,656a0159a367f3d219bcf451,5
6569a546244fd77c40ab59f5,644eae76388d059aa61997f4,3
6569a546244fd77c40ab59f5,644eadd1388d059aa61997ec,5
6569a546244fd77c40ab59f5,644ead35388d059aa61997e4,5
6569a546244fd77c40ab59f6,656a1472a367f3d219bd0200,5
6569a546244fd77c40ab59f6,656a13b0a367f3d219bd01d0,5
6569a546244fd77c40ab59f6,656a103fa367f3d219bd00bb,5
6569a546244fd77c40ab59f6,656a07afa367f3d219bcf805,4
6569a546244fd77c40ab59f6,656a0ba2a367f3d219bcfb05,5
6569a546244fd77c40ab59f6,656a0a40a367f3d219bcfa00,5
6569a546244fd77c40ab59f6,656a0ad9a367f3d219bcfa0c,5
6569a546244fd77c40ab59f6,656a085ba367f3d219bcf80f,4
6569a546244fd77c40ab59f6,656a0254a367f3d219bcf492,5
6569a546244fd77c40ab59f6,6569ff0ea367f3d219bcf3c3,4
6569a546244fd77c40ab59f7,656a103fa367f3d219bd00bb,5
6569a546244fd77c40ab59f7,656a12cea367f3d219bd017e,4
6569a546244fd77c40ab59f7,644eadd1388d059aa61997ec,4
6569a546244fd77c40ab59f7,644ead35388d059aa61997e4,5
6569a546244fd77c40ab59f7,644eae76388d059aa61997f4,4
6569a546244fd77c40ab59f7,644e9f32388d059aa6199760,5
6569a546244fd77c40ab59f7,644ea11b388d059aa6199770,5
6569a546244fd77c40ab59f7,644e9b74388d059aa6199744,5
6569a546244fd77c40ab59f7,656a0ad9a367f3d219bcfa0c,5
6569a546244fd77c40ab59f7,656a085ba367f3d219bcf80f,4
6569a546244fd77c40ab59f7,656a0ba2a367f3d219bcfb05,5
6569a546244fd77c40ab59f8,656a18b2a367f3d219bd0502,5
6569a546244fd77c40ab59f8,656a12cea367f3d219bd017e,5
6569a546244fd77c40ab59f8,656a1755a367f3d219bd0429,4
6569a546244fd77c40ab59f8,656a103fa367f3d219bd00bb,4
6569a546244fd77c40ab59f8,656a0e4ba367f3d219bd0025,4
6569a546244fd77c40ab59f8,64528a1f251f74d7d4c2fcd8,5
6569a546244fd77c40ab59f8,645cc95ed64083493822c34f,4
6569a546244fd77c40ab59f8,6456afc8810745eb5ce35e94,4
6569a546244fd77c40ab59f8,645cca1fd64083493822c359,3
6569a546244fd77c40ab59f8,644eaef8388d059aa61997f6,5
6569a546244fd77c40ab59f8,64528c91251f74d7d4c2fd19,4
6569a546244fd77c40ab59f9,656a13b0a367f3d219bd01d0,4
6569a546244fd77c40ab59f9,656a12cea367f3d219bd017e,4
6569a546244fd77c40ab59f9,656a19a7a367f3d219bd0513,5
6569a546244fd77c40ab59f9,645ccd4bd64083493822c626,5
6569a546244fd77c40ab59f9,645ccca2d64083493822c61c,5
6569a546244fd77c40ab59f9,645cce2bd64083493822c80c,4
6569a546244fd77c40ab59f9,65689d1168a4e80a29493049,4
6569a546244fd77c40ab59f9,65689b7a68a4e80a29492deb,5
6569a546244fd77c40ab59f9,6569fa80a367f3d219bcf206,4
6569a546244fd77c40ab59f9,64528a1f251f74d7d4c2fcd8,5
6569a546244fd77c40ab59f9,645cc95ed64083493822c34f,3
6569a546244fd77c40ab59fa,656a12cea367f3d219bd017e,5
6569a546244fd77c40ab59fa,656a13b0a367f3d219bd01d0,5
6569a546244fd77c40ab59fa,656a0e4ba367f3d219bd0025,5
6569a546244fd77c40ab59fa,656a103fa367f3d219bd00bb,5
6569a546244fd77c40ab59fa,645ccd4bd64083493822c626,3
6569a546244fd77c40ab59fa,645ccca2d64083493822c61c,5
6569a546244fd77c40ab59fa,645ccb8bd64083493822c36d,5
6569a546244fd77c40ab59fa,645cce2bd64083493822c80c,4
6569a546244fd77c40ab59fa,644eae76388d059aa61997f4,5
6569a546244fd77c40ab59fa,645cc95ed64083493822c34f,4
6569a546244fd77c40ab59fa,6456afc8810745eb5ce35e94,5
6569a546244fd77c40ab59fb,656a15afa367f3d219bd0220,5
6569a546244fd77c40ab59fb,656a19a7a367f3d219bd0513,5
6569a546244fd77c40ab59fb,656a18b2a367f3d219bd0502,5
6569a546244fd77c40ab59fb,645ccca2d64083493822c61c,5
6569a546244fd77c40ab59fb,645ccb8bd64083493822c36d,5
6569a546244fd77c40ab59fb,65689b7a68a4e80a29492deb,5
6569a546244fd77c40ab59fb,65689fbf68a4e80a2949306b,5
6569a546244fd77c40ab59fb,65689e7c68a4e80a29493053,4
6569a546244fd77c40ab59fb,6569fd50a367f3d219bcf213,5
6569a546244fd77c40ab59fb,644eae76388d059aa61997f4,4
6569a546244fd77c40ab59fb,64528baf251f74d7d4c2fce5,5
6569a546244fd77c40ab59fc,656a1755a367f3d219bd0429,4
6569a546244fd77c40ab59fc,656a18b2a367f3d219bd0502,5
6569a546244fd77c40ab59fc,656a16b8a367f3d219bd036d,5
6569a546244fd77c40ab59fc,656a0d3da367f3d219bcff32,4
6569a546244fd77c40ab59fc,656a00b6a367f3d219bcf446,5
6569a546244fd77c40ab59fc,656a0367a367f3d219bcf598,5
6569a546244fd77c40ab59fc,656a0254a367f3d219bcf492,4
6569a546244fd77c40ab59fc,645cce2bd64083493822c80c,5
6569a546244fd77c40ab59fc,645ccd4bd64083493822c626,5
6569a546244fd77c40ab59fc,645ccb8bd64083493822c36d,5
6569a546244fd77c40ab59fc,644e9f32388d059aa6199760,5
6569a546244fd77c40ab59fc,6569fdfca367f3d219bcf21d,5
6569a546244fd77c40ab59fd,656a18b2a367f3d219bd0502,3
6569a546244fd77c40ab59fd,656a1755a367f3d219bd0429,4
6569a546244fd77c40ab59fd,656a1472a367f3d219bd0200,5
6569a546244fd77c40ab59fd,656a12cea367f3d219bd017e,5
6569a546244fd77c40ab59fd,644eae76388d059aa61997f4,3
6569a546244fd77c40ab59fd,644eadd1388d059aa61997ec,5
6569a546244fd77c40ab59fd,645ccd4bd64083493822c626,5
6569a546244fd77c40ab59fd,65689fbf68a4e80a2949306b,5
6569a546244fd77c40ab59fd,644ecb51b745ed0835b36f04,4
6569a546244fd77c40ab59fd,6456afc8810745eb5ce35e94,5
6569a546244fd77c40ab59fe,656a1472a367f3d219bd0200,5
6569a546244fd77c40ab59fe,656a12cea367f3d219bd017e,5
6569a546244fd77c40ab59fe,656a103fa367f3d219bd00bb,5
6569a546244fd77c40ab59fe,656a0d3da367f3d219bcff32,4
6569a546244fd77c40ab59fe,644ea11b388d059aa6199770,5
6569a546244fd77c40ab59fe,644e9b74388d059aa6199744,4
6569a546244fd77c40ab59fe,6569fdfca367f3d219bcf21d,5
6569a546244fd77c40ab59fe,65689fbf68a4e80a2949306b,4
6569a546244fd77c40ab59fe,645cce2bd64083493822c80c,5
6569a546244fd77c40ab59fe,645ccca2d64083493822c61c,5
6569a546244fd77c40ab59fe,6569fa80a367f3d219bcf206,5
6569a546244fd77c40ab5a02,656a1472a367f3d219bd0200,5
6569a546244fd77c40ab5a02,656a13b0a367f3d219bd01d0,5
6569a546244fd77c40ab5a02,656a12cea367f3d219bd017e,4
6569a546244fd77c40ab5a02,656a18b2a367f3d219bd0502,5
6569a546244fd77c40ab5a02,656a1755a367f3d219bd0429,5
6569a546244fd77c40ab5a02,656a00b6a367f3d219bcf446,5
6569a546244fd77c40ab5a02,6569ffe8a367f3d219bcf3f1,4
6569a546244fd77c40ab59ff,656a12cea367f3d219bd017e,4
6569a546244fd77c40ab5a02,644eadd1388d059aa61997ec,4
6569a546244fd77c40ab59ff,656a0d3da367f3d219bcff32,5
6569a546244fd77c40ab5a02,644ead35388d059aa61997e4,4
6569a546244fd77c40ab59ff,656a0e4ba367f3d219bd0025,5
6569a546244fd77c40ab5a02,644ea11b388d059aa6199770,4
6569a546244fd77c40ab5a02,644e9f32388d059aa6199760,5
6569a546244fd77c40ab59ff,656a11cba367f3d219bd00c5,5
6569a546244fd77c40ab59ff,645ccd4bd64083493822c626,4
6569a546244fd77c40ab59ff,645ccca2d64083493822c61c,5
6569a546244fd77c40ab59ff,645ccb8bd64083493822c36d,4
6569a546244fd77c40ab5a01,656a19a7a367f3d219bd0513,5
6569a546244fd77c40ab59ff,644eaef8388d059aa61997f6,5
6569a546244fd77c40ab5a01,656a13b0a367f3d219bd01d0,5
6569a546244fd77c40ab59ff,644eae76388d059aa61997f4,5
6569a546244fd77c40ab5a01,656a12cea367f3d219bd017e,5
6569a546244fd77c40ab5a01,656a103fa367f3d219bd00bb,4
6569a546244fd77c40ab59ff,644eadd1388d059aa61997ec,4
6569a546244fd77c40ab5a01,656a11cba367f3d219bd00c5,4
6569a546244fd77c40ab59ff,644ead35388d059aa61997e4,5
6569a546244fd77c40ab5a01,645cce2bd64083493822c80c,5
6569a546244fd77c40ab5a01,65689fbf68a4e80a2949306b,3
6569a546244fd77c40ab59ff,64528a1f251f74d7d4c2fcd8,5
6569a546244fd77c40ab5a01,65689b7a68a4e80a29492deb,5
6569a546244fd77c40ab5a01,6569fd50a367f3d219bcf213,4
6569a546244fd77c40ab5a01,6569fdfca367f3d219bcf21d,4
6569a546244fd77c40ab5a01,64528a1f251f74d7d4c2fcd8,5
6569a546244fd77c40ab5a01,644ecb51b745ed0835b36f04,4
6569a546244fd77c40ab5a00,656a19a7a367f3d219bd0513,4
6569a546244fd77c40ab5a00,656a12cea367f3d219bd017e,5
6569a546244fd77c40ab5a00,656a0d3da367f3d219bcff32,5
6569a546244fd77c40ab5a00,656a0e4ba367f3d219bd0025,5
6569a546244fd77c40ab5a00,644e9f32388d059aa6199760,5
6569a546244fd77c40ab5a00,645cca1fd64083493822c359,5
6569a546244fd77c40ab5a00,64528a1f251f74d7d4c2fcd8,5
6569a546244fd77c40ab5a00,64528baf251f74d7d4c2fce5,5
6569a546244fd77c40ab5a00,644eae76388d059aa61997f4,5
6569a546244fd77c40ab5a00,645ccd4bd64083493822c626,5
6569a546244fd77c40ab5a00,645ccca2d64083493822c61c,5
656b586aa2f2d492f8ae9893,656a0254a367f3d219bcf492,5
6579bf565592ec9c32951991,644ead35388d059aa61997e4,4
656b586aa2f2d492f8ae9893,656a0367a367f3d219bcf598,5
656b586aa2f2d492f8ae9893,6569ff0ea367f3d219bcf3c3,5
6579bf565592ec9c32951991,64528a1f251f74d7d4c2fcd6,5
656b586aa2f2d492f8ae9893,6569ffe8a367f3d219bcf3f1,5
656b586aa2f2d492f8ae9893,65689d1168a4e80a29493049,5
656b586aa2f2d492f8ae9893,65689b7a68a4e80a29492deb,5
6579bf565592ec9c32951991,656a15afa367f3d219bd0220,4
6579bf565592ec9c32951991,656a12cea367f3d219bd017e,5
6579bf565592ec9c32951991,656a0d3da367f3d219bcff32,4
6569a546244fd77c40ab5999,656a18b2a367f3d219bd0502,5
6569a546244fd77c40ab5999,656a0159a367f3d219bcf451,5
6569a546244fd77c40ab5999,645ccca2d64083493822c61c,5
6569a546244fd77c40ab59b6,65689b7a68a4e80a29492deb,5
656b586aa2f2d492f8ae9893,644ead35388d059aa61997e4,5
